{
  "selection_metric": "recall",
  "selection_tie_breaker": "f1",
  "selected_model": "random_forest",
  "selected_metrics": {
    "recall": 0.776255707762557,
    "precision": 0.8173076923076923,
    "f1": 0.7962529274004684,
    "pr_auc": 0.8508241846377527
  },
  "candidates": {
    "logistic_regression": {
      "recall": 0.726027397260274,
      "precision": 0.8324607329842932,
      "f1": 0.775609756097561,
      "pr_auc": 0.842598643072529
    },
    "random_forest": {
      "recall": 0.776255707762557,
      "precision": 0.8173076923076923,
      "f1": 0.7962529274004684,
      "pr_auc": 0.8508241846377527
    }
  },
  "rows_train": 1238,
  "rows_test": 310,
  "positive_rate": 0.7067183462532299
}