{
  "recall": 0.7142857142857143,
  "precision": 0.684931506849315,
  "f1": 0.6993006993006993
}