{
  "recall": 0.5714285714285714,
  "precision": 0.7741935483870968,
  "f1": 0.6575342465753424,
  "rows_train": 548,
  "rows_test": 138,
  "positive_rate": 0.6122448979591837
}